{
  "version": 1,
  "author": "Maspion Rd",
  "editor": "wokwi",
  "parts": [
    { "type": "wokwi-esp32-devkit-v1", "id": "esp", "top": -56.2, "left": -246.69, "attrs": {} },
    {
      "type": "wokwi-lcd2004",
      "id": "lcd1",
      "top": -241.59,
      "left": -250.03,
      "attrs": { "pins": "i2c" }
    },
    { "type": "wokwi-mpu6050", "id": "imu1", "top": 206.88, "left": -40.66, "attrs": {} },
    {
      "type": "wokwi-buzzer",
      "id": "bz1",
      "top": -42.05,
      "left": 51.15,
      "attrs": { "volume": "0.1" }
    }
  ],
  "connections": [
    [ "esp:TX0", "$serialMonitor:RX", "", [] ],
    [ "esp:RX0", "$serialMonitor:TX", "", [] ],
    [ "imu1:VCC", "esp:3V3", "black", [ "v-42.98", "h-124.85", "v54.97" ] ],
    [ "imu1:GND", "esp:GND.1", "red", [ "v-73.22", "h-96.52", "v-46.65", "h-73.01" ] ],
    [ "imu1:SCL", "esp:D22", "cyan", [ "v0" ] ],
    [ "imu1:SDA", "esp:D21", "yellow", [ "v0" ] ],
    [ "lcd1:SCL", "esp:D22", "cyan", [ "h-17.5", "v142.63" ] ],
    [ "lcd1:SDA", "esp:D21", "yellow", [ "h-25.32", "v197.29" ] ],
    [ "lcd1:VCC", "esp:3V3", "black", [ "h-35.28", "v302.39" ] ],
    [ "lcd1:GND", "esp:GND.1", "red", [ "h-53.2", "v302.39" ] ],
    [ "bz1:1", "esp:GND.1", "black", [ "v0" ] ],
    [ "bz1:2", "esp:D5", "red", [ "v0" ] ]
  ],
  "dependencies": {}
}